eruptions	waiting
83.88351707	12.23644375
103.6480281	35.37972729
85.64649888	37.54048513
81.44383475	26.90001866
86.92125591	14.16123474
90	46.71816044
114.7746643	30
73.49226441	28.88314291
90.57180115	19.08938414
87.35751488	35.66682762
68.48746621	27.81396102
109.4607004	29.90117821
87.44708644	26.48621593
86.17722537	39.95866839
92.40040568	23.02871573
79.53403754	38.87415971
101.2500733	37.41571561
90.18355344	26.49759176
64.28291243	30.67568107
90.69735678	30.9959287
108.8902484	23.75649018
89.88556439	36.55601193
85.27274184	30.63003748
92.72477643	37.91332535
101.4962302	44.71450369
-105.8179677	-77.37138611
-77.55808464	-32.77629082
-115.9597397	-42.72165872
-135.6186804	-61.588857
-84.17232845	-32.42158989
-100.0669531	-46.16426164
-92.04232626	-50.48065257
-107.6402855	-52.73939177
-83.86911159	-59.10404997
-78.07974262	-41.75725162
-84.68021578	-46.68215422
-91.61483334	-62.4315208
-100.9733429	-22.12710559
-101.2356105	-42.19866206
-111.6633756	-48.38579199
-88.91135698	-29.14529561
-112.5037904	-46.75375869
-99.42161185	-45.28940654
-128.8025456	-51.65536958
-93.65657568	-57.29727493
-83.89619127	-46.63597402
-119.2449025	-59.98643879
-93.40759077	-32.82618679
7.392189786	-56.61573957
18.43317912	-42.40658253
16.7711071	-21.43338177
40.73197533	-2.543328659
10.84318107	-23.41567677
10.58574247	-20.09235877
45.00196788	-27.43395173
19.98159844	-18.9457753
-21.26961671	0.705082984
64.67660609	-28.2477086
-6.240688521	18.90342059
54.59652714	-27.98102668
-22.09839857	-12.49472995
-24.74902393	6.692079001
-16.00226766	-10.3393324
-12.84957087	1.477608788
-9.840271362	-49.84027136
66.89734554	-24.88714592
74.57711854	-5.664319838
51.31125444	13.57720954
-19.11861073	-2.312312746
-17.40513745	-13.90378569
18.99099085	-22.62855869
35.90146295	-46.46447852
40.75656711	-16.25098478
70.60750202	5.475909938
57.18374151	-20
-24.12395541	-47.13694796
17.92188468	-9.309023473
-11.83194364	1.668706598
-15.46115934	-15.82285267
31.7322279	-15.23911884
14.29217081	-31.70278411
-11.58721161	-53.87313736
63.89227762	-27.24191923
23.68135035	-32.04115444
-26.24647394	-44.30011009
-23.29601663	1.750654062
35.98324659	21.6377809
69.20151174	-44.45227757
28.25440603	0.430371848
38.68795188	-11.31045595
28.77649193	-28.77649193
27.91448234	-19.69565492
19.15706692	-32.05450463
26.10286872	-58.53199663
10.69583514	-3.884713749
0.856530085	14.53573393
32.39999017	-22.12543213
55.38573115	-25.24034314
2.86063539	-14.65828152
48.21965024	-36.54633576
40.15831807	-16.97849993
15.70171163	-37.23949306
12.76260208	-57.23318456
24.00102845	2.690959931
-12.14208542	-25.41400321
20.67129071	-24.23836274
-30.55909925	3.44686549
5.531982381	-51.02676391
20.39735891	-8.62112953
15.68297936	-24.62943785
65.5592004	-21.82439687
41.75152922	3.325659327
70.28848196	-11.41893967
6.21695224	-57.86861249
35.91564956	-13.72318546
-2.919808109	-35.45412787
-3.157080913	-11.22414847
-0.150988831	-57.898498
-13.53983423	-14.44674895
18.57956164	-60.67603265
59.6947533	-39.53112438
59.2625666	-5.620454269
22.09586117	-26.855253
21.03233152	-24.85673797
16.84865196	-6.350011994
29.10566132	-36.42704787
13.78320821	-26.21679179
0.232428352	22.3916942
14.57583424	-11.95834356
14.68352311	-13.19521989
26.98973644	-59.6407652
37.05526882	-20.46530013
-8.999641079	-19.0206947
34.85367254	14.9930596
-25.68294908	-13.64905256
-5.202142827	-18.66057893
21.54933169	-18.33854518
18.81746165	-33.51647516
29.7780763	-2.359883398
0.0719006	20.85865876
26.09294744	6.391454836
-1.854816469	-32.79946938
61.36103959	-24.21353443
18.9443799	-7.934207074
55.37984494	-38.62787477
10.32226408	-8.466523445
-24.56341392	-46.94054526
42.29070424	-15.24781972
35.48291409	-62.53895685
22.04488124	-12.36839932
-34.12694394	-10.99712491
32.24194685	2.085056727
29.22098137	10.16047106
41.22916497	-13.88895957
43.17696395	-44.85425093
44.46216105	-18.37120271
-30.68313092	-11.31862618
-1.539634695	1.539634695
26.60375172	0.324257948
19.88702814	-20.80383653
-40.74834336	-22.95316232
11.64145921	-33.91094794
24.26263529	-68.72214432
-14.89612075	-47.01484275
20.27399461	-19.41241665
-5.511663957	-9.92346423
51.80879896	-27.17698909
17.66455996	-23.88682494
-29.7544726	-21.37614165
36.88139005	5.995061082
18.7470733	-43.90726558
73.89604089	-6.338788057
40.69962033	5.56190229
21.44618066	-17.03489023
16.74450188	-32.14968437
-4.072477254	-38.82063675
19.43633134	-9.244561299
36.06922053	-17.17788934
27.91793137	9.550122161
13.86691867	0.060405127
23.83735794	-44.22812453
18.11090709	-13.41195008
-4.37243404	-50.09744949
15.49077511	-22.14924214
6.896171081	-5.947863885
51.99144289	-26.1520291
41.83706441	-20.28340811
31.30002824	0.385790587
13.49366915	-17.3721038
20.23317262	-21.09699091
20.98076562	8.085452777
17.84449193	10.82520151
43.53132686	-5.66379599
-21.02028135	-51.94238796
52.66041427	-17.39325122
51.62351648	-53.91206958
36.20888794	-20.29239795
-20.74653706	-21.57968531
37.02223359	-46.21194111
29.38996361	-43.24097548
10.78065341	-48.37423121
44.09985673	18.56783287
31.72633112	-19.53536018
56.52917315	7.229107836
13.01784173	12.84847201
34.25773252	19.17279816
33.39193644	-3.462335765
0.045929917	-60.91190655
20.4433797	-21.92048847
-18.18819389	3.23817331
13.15372842	-19.01576669
52.96413173	-55.34970342
-17.03289197	-14.79853535
-25.57676958	-22.29826084
8.614625704	-20.43183449
9.564508047	25.20108163
38.09271069	-12.73557645
52.98465596	-6.366113477
12.61946385	-3.423044399
2.866628069	-27.26856174
54.98062777	-9.996097002
21.9783959	-8.779959275
-37.00947431	-27.24463354
-27.29337619	-24.58315174
-5.536439416	-28.09730931
-4.560087022	4.560087022
-11.50492013	-9.577118064
20.43740604	-20.82264112
14.97517685	-60.92390048
25.14919731	-61.93684673
30.39788928	-23.96673135
-14.51845966	-27.17743871
24.92258659	-0.25658356
64.40148005	-22.77406912
35.41333453	-56.31154061
-6.284650271	-3.54103786
-1.312758066	-17.84149351
23.04914662	-26.84849543
-8.045651183	-17.42513696
-3.628397818	5.338354489
22.7178266	-16.76102038
6.737249153	-1.058828814
42.87446117	-20.78100954
9.495844425	-31.66604664
12.92972299	-1.581298685
-3.698356128	-25.08218199
43.24695565	15.79717252
5.671920721	-55.46324066
-20.36226834	2.291603186
18.73023777	-34.51344875
-7.684919978	0.431329026
-35.86127165	-3.604944873
40.3372728	-29.65108776
-2.324360574	-19.7284447
6.577946338	-14.93564173
-4.623371057	-59.40563092
53.11904585	-14.50078483
39.47227213	-16.24863396
-1.532473989	-30.31376371
-25.82128878	-32.21227208
25.68432679	26.29512655
31.01944028	-64.19656098
57.39461445	-20.65233669
-8.42912537	-12.16135057
-38.31393654	-16.87550727
-8.996549352	14.55674186
42.78199487	-18.0841211
7.453780997	-27.09539733
-1.39274742	-21.9503126
20.55893403	-17.12453371
-17.13473099	-7.997559943
51.05721248	-22.60205424
21.21683904	-25.7247776
20.40709742	-31.65774481
22.52758376	-24.75369368
0.242684793	-60.50849927
-35.97603331	-6.197024412
66.76146701	-10.54986068
-1.877235215	-7.20966328
48.24285521	-23.15620254
79.38046166	-0.684236122
20.21034182	-16.99197181
-0.042542971	-30.00718325
31.53013705	-66.24485384
15.56613008	-0.794799414
1.201937952	-48.94647714
62.87085469	10.18599863
19.85667174	-15.89561556
6.626830245	-56.74248193
16.19711395	16.18204382
64.62203508	2.027980867
21.60360377	-8.589766277
23.24598608	-66.41976355
9.341592903	12.80320405
5.998689774	14.65445887
-5.8545378	3.468091682
20.69201507	-20.71660258
72.8855322	-1.237764692
20.29876727	-11.4444248
-2.406801579	-13.01517065
-36.65934578	-24.14452556
33.35016334	16.67927232
-27.32758257	-20.5846879
32.64606805	-42.81411068
19.08588022	-33.0725219
30.82744255	-53.32344169
19.32057214	-58.924396
54.71451051	-27.80008971
42.71767351	-44.36172224
75.56169129	-22.70942148
65.43961885	-27.02951958
14.07400977	22.16561144
19.11695025	-16.45828091
86.99378476	-10.70189007
0.91106571	-19.97411622
51.45305303	-20
5.742541686	-20.11670065
36.27755956	-23.25819088
60.69209233	-41.78690999
29.41508586	-7.949239634
38.32815642	7.17260934
-27.3448185	-1.474036215
3.906738789	-36.66505983
14.16107563	-56.86551761
42.39021744	6.683622076
42.48397593	-57.41961982
33.62565857	-49.2203191
-14.77423907	-42.58933419
41.04789123	1.795729411
41.67784785	-49.83699785
15.91490447	-3.615576721
22.45387804	-16.85917933
13.2904875	-62.36219471
10.68051984	-37.52739298
14.45074951	-51.47136343
-22.03790704	10.99449036
44.52980676	-33.41476854
68.85397163	-34.6050514
-21.84407685	-53.6275557
14.84623575	-13.63563119
44.09630219	-22.55936889
31.76840161	-21.36605373
33.32375374	23.58003482
20.30876166	-24.41549749
60.95794712	-5.576318548
64.81747653	-13.89587183
-18.91813436	-11.84338703
22.75223689	19.35882123
57.9358767	-26.20462348
62.53520238	3.735371562
-29.13830569	-23.17220544
55.14080855	-15.81473754
13.44182329	-21.37475203
-24.78390743	-37.16688009
36.3053677	-6.478208983
-14.00843817	-40.37820598
24.05750219	-20.16584669
-28.59520201	-35.70402784
4.835732928	-40.12366209
45.48934881	-55.08307887
-31.51490446	-21.1883283
13.83773144	-63.84681911
31.93702802	-25.71538544
35.88550274	-28.81987254
-19.63356254	-16.17933578
9.771984177	-36.36824689
72.15742005	-20
23.92630009	2.267154342
49.6858327	-21.3036264
63.92285652	-2.135988786
18.56266448	-3.571179864
12.79745589	-3.822821065
18.07459325	-42.0074998
30.52903041	-13.477599
71.92483734	-10.20777998
3.369786726	-39.81911642
20.42590721	-20.70882864
27.96585072	-57.47638116
20.344132	-20.67539707
-4.028696291	-35.95024612
23.32829312	-67.59680912
27.69601646	2.350854711
26.71462048	-54.54372775
82.46425124	-33.54981069
34.22857691	-36.95695765
-8.2054246	-14.96987687
27.38187604	-54.72899626
30.55274528	-20.86667129
48.13282093	-35.57938823
38.31220208	-20.62246635
59.47362794	-11.30504056
33.25900889	-25.02738257
-14.61251657	14.61251657
76.42430551	-20
6.472380926	-20.65518325
41.64670581	-17.92573978
47.9853062	0.148025765
53.56927876	-39.48576794
33.14150396	4.7155743
71.31512751	0.217502363
-7.877066956	-18.08624978
36.39550128	-44.30733025
34.68691897	-21.70280133
19.42126161	13.15590001
31.49309409	-19.86019838
8.817474033	21.73375507
10.1365348	-19.20331121
5.649158959	8.16511139
22.51619411	-27.74404918
3.3881445	-15.79393807
23.20615158	-24.10368689
60.64084063	7.945432877
34.79197516	-14.80903875
11.6093512	-20.31800051
34.32624305	-5.16474104
31.99447389	-13.23768063
50.05845578	-12.51001359
52.26730152	-44.3941828
17.54213592	-37.48861166
11.38770312	-43.66209122
3.92883903	-39.84623098
9.705386383	-2.866885778
57.39415969	-20.55106932
21.4430939	-10.88866371
10.79537879	8.328911166
18.57882583	-23.19200945
44.227925	-23.35259617
24.78428907	-30.25994102
-28.10934598	-11.21154268
35.12028691	-19.16594164
18.79675901	-14.78819068
15.15266622	-18.35567869
24.35188804	-25.18637821
7.966175844	-7.966175844
44.46057825	-32.510621
36.68510536	-21.28645563
23.4761353	-25.78526066
33.89438576	-65.44648804
77.29985013	-22.83032699
29.53301471	-18.94555408
23.6962314	-15.59500294
23.10833678	-8.39952922
28.73962569	-64.96147643
49.93318863	13.2441739
46.18453355	-13.2825707
-23.83921167	-19.35932611
37.55900099	14.46147981
20.57792794	-11.73524537
66.73537487	3.16796904
27.3374871	2.582463238
-8.426639151	-33.02590789
48.08871357	-35.92653217
34.25700832	7.980954313
14.06105694	-62.25777567
-18.05384708	-20.62456618
37.24666021	3.737991295
-12.13234686	12.13234686
51.84420514	-0.368852086
19.39453464	-20.89763932
-3.371926833	-16.94667055
59.93149082	-29.39329503
28.20822144	15.55371316
19.01434543	-17.97910864
-7.771024064	-16.40157763
66.58040436	-15.3103884
36.98854467	2.544560234
33.36441054	-13.54978451
17.84961163	-13.75481871
-8.187390517	10.22727561
-5.234098828	-19.46193723
42.98781231	-59.81605888
46.10926508	-51.11581047
26.41264633	-65.62834955
22.56932894	-1.71827466
38.53583851	-61.63217493
29.73419942	-18.36120447
-21.76728753	5.531750503
20.4117055	3.586592234
34.29973922	-44.76787487
50.74589965	-22.93065033
61.08161435	-15.07484178
27.71875904	-4.851082421
-23.03020511	-13.06435021
-13.03998841	-40.53459589
-28.05373744	-6.55113772
18.30054401	-39.42487083
21.94035548	-12.75849477
-25.21076465	-8.465404106
-3.071955169	10.61751863
41.52340509	4.759845229
-7.955111758	17.0976863
-10.35373516	-16.28883305
62.21767795	9.262552092
59.48062333	-21.95539844
24.93913997	-28.55484137
13.05579421	-20.48435133
9.886325058	-23.06958283
22.05916422	-22.8341964
48.24795058	-12.11115548
15.19482068	-44.72050458
29.35687839	17.52838946
39.96463041	6.493959402
27.82615753	-31.17691127
56.01984266	-7.462189019
69.13629857	-20
29.63272295	-5.718900938
-28.31160711	-50.75941253
43.16564279	11.88477191
14.19183778	-33.04534593
56.53393109	-0.08087638
-16.31773046	5.678476765
33.11875824	12.47006604
49.92811751	-13.76470569
66.12098946	-17.04595547
11.79422362	-5.196387545
-29.45566906	-17.16840257
10.23661467	-8.36445046
3.131183861	-11.78132274
-40.62317775	-16.54353382
8.657314426	17.10025281
20.96957972	-23.17135237
7.233434371	-40.43077579
10.65823143	-19.45789071
15.38470441	-1.489060443
18.07463244	-30.91930203
29.47144217	-24.55960879
10.26619205	-13.57139619
-15.05812595	-24.56654275
-9.809671779	-12.86034722
-37.34277814	-24.58780303
11.97031177	-4.898352844
-36.70373941	-23.71111501
7.348388533	-1.243214651
37.04032182	-10.69608911
20.1162342	-20.12909116
51.02363277	-39.20730395
78.36813396	-44.05359732
3.036005683	-61.98735932
3.174978878	-1.957373803
51.43314132	-3.771775982
63.14200984	-16.9986612
-31.6707548	-43.33291221
-9.010975926	-18.8722969
36.48506165	9.739838472
56.69377351	-22.11324865
25.08724064	-61.43225011
31.80742703	-38.89583317
17.91052809	-49.88084047
-12.80928018	-13.821059
48.32682723	-15.5597216
-2.358184333	11.93079639
73.31370892	-36.9928938
55.18896339	-34.40775784
58.26129749	-11.37584039
23.61804478	-49.46661009
44.89388759	-22.49013484
19.24172004	1.714297042
-0.046208207	-35.41848587
32.95569323	4.366115142
30.47490692	-65.37180662
24.41554185	-14.73776213
19.10703628	-18.89728164
-2.554023779	-64.26476401
20.14864017	-20.51836987
-22.77525305	4.703942639
51.60785246	-49.58012182
33.48792387	-24.83799439
15.26726728	-38.98195414
9.753440793	-34.10317884
27.34897098	4.037400959
21.13159666	-16.29871411
14.13830598	-11.93207032
7.283443022	-26.59263984
60.20884451	-40.07276987
26.13512318	18.73564326
17.78461507	22.27206263
-0.523985628	-37.74778704
55.9183809	-12.403197
16.18640473	-25.24896358
35.75261396	-27.28160997
47.99080276	11.08693585
21.11755771	-29.10177717
34.37670102	13.8693851
-14.68347067	-48.5411741
68.72382594	-30.21039416
-11.13696224	-22.28229339
47.40740687	-24.94391186
13.04459226	-7.952880402
20.59666105	-54.18268891
68.21292631	-7.193333798
61.62776618	-0.943645432
-32.84864166	-33.90336316
-9.957049769	-52.12500282
37.05899857	-18.85136011
37.64146582	-43.41101586
22.77541706	-17.1259715
72.71182684	-23.60271983
21.49964313	-10.53162589
-0.849032261	-21.71323023
20.26558091	-35.2151204
18.27469724	12.92073773
25.49713207	-32.95043159
-31.52380228	3.587579846
19.15120585	-7.861678149
-6.834399122	-34.62410924
-0.970877553	7.829294461
18.2977988	-11.99177296
2.939968561	-66.87205115
6.848799342	-12.62747243
17.27588458	-2.800612129
-7.618475392	-38.68512833
28.36018989	-59.33160106
20	-61.82590274
27.65733085	-20.81336622
18.44315732	-5.187631317
-43.45868966	-1.886926261
55.46372407	-21.4520994
56.84889627	-23.67284587
14.07414558	0.665910284
36.1136091	-12.42605278
28.6773434	-14.86589655
44.18995445	-20.46816674
38.72861813	-11.19597941
4.985695167	26.20927881
24.7152388	4.257800714
-1.215937297	-22.60667897
43.1350451	-18.09915997
15.73972541	-24.26027459
-30.66228519	-10.52740459
60.53446033	-51.43345958
-1.191824943	12.63254875
-5.616273969	-15.1629635
16.12105729	24.33651811
20.50667361	-18.68007012
72.83290258	-6.857430883
-8.938853942	-40.4847019
19.75121193	-20.55878716
77.97771826	-31.49329954
53.22323724	-11.65492583
64.32848547	-8.018409827
5.968780279	-22.89589793
-3.149148206	-32.30550227
-3.641193867	-49.19444308
51.2293256	-25.88099349
25.39277683	-47.74343172
29.60585734	7.897435379
10.69570542	-39.07663092
15.34003132	-37.39123988
4.229120085	-12.79761287
49.71109616	-29.15211823
-2.435081385	14.54699579
19.253874	-62.74552997
-9.664699214	1.181010319
-1.255203775	-32.8453892
1.221979196	-34.6215433
55.48994062	-18.62829161
68.66179967	-14.56214467
4.035756138	-23.83578527
18.71093928	-22.3255271
27.52452907	-26.10812647
8.824082886	-27.50477141
-2.425129034	-33.92966537
-13.50822915	0.845571944
-0.099755233	-18.99263623
25.76339914	-18.84691188
21.57452552	-31.20333122
-8.646862914	-22.5784356
14.99391256	-36.37417421
22.04102775	-58.9451294
-24.78958561	-45.78516339
20.6945311	-26.60802201
12.54593598	-28.27857678
47.18579364	8.151713417
43.13412591	-18.28435215
22.6309777	-50.07221268
21.45625846	-9.63818262
27.08864239	-30.91555206
18.31577888	-22.15570473
21.04927296	-16.34075032
-29.92886403	-22.30972046
11.71108917	-5.046409024
9.004978639	-3.699210482
16.51196882	-6.010271063
11.71954613	-36.25130575
-9.974288034	-17.77017529
20.88819076	-15.82139099
16.01995209	-25.09422902
34.9472263	-12.88560795
22.8503447	-29.94033327
-5.484556214	16.39571816
0.798323513	-10.64972663
26.40561978	5.691537686
22.2834973	-22.44875105
-9.237042867	-20.25791539
15.19265698	-11.99923765
20.82226627	3.546625218
19.75526601	-18.93994063
-1.858013417	-62.89876676
52.24862435	-21.86325114
14.32528474	-49.19387916
-36.06791167	-31.80629014
70.88844157	-16.22240688
28.82047201	-1.915352359
26.0618979	-26.27727903
66.6996578	-23.87533409
-32.16743598	-23.70970592
-20.85251402	-18.03292402
68.68431727	-43.36674416
0.184778858	3.614860984
4.777739146	-26.54677193
-22.25434322	-10.9504236
22.31245127	-29.27473546
40.07013143	-45.68859678
60.1005717	-20
9.064972117	-45.76131131
-30.28482304	-28.84061064
20.97579388	-22.68097165
21.47036899	-16.16955782
29.50266568	-42.38687744
-4.379220564	-23.48250497
56.76850172	-41.81493239
-17.03306458	1.547529001
-4.004031781	-17.5212683
12.88634376	-35.97753351
-0.443042186	-22.65211242
-10.59165641	-20.81267683
20.33736414	-20.83500554
-13.93405317	-25.8417798
35.55989455	-4.440105453
1.260186914	22.09030933
4.315494684	-2.580592107
-3.93198938	-16.72744266
-78.68950679	2.291666713
-120.2771725	42.78203308
-31.02358227	15.48366923
-78.50281044	-9.679405029
-74.70657422	31.43555311
-29.61334096	35.11750926
-70.58770066	3.794521292
-12.19492207	3.774564998
-1.156298423	27.4312656
-91.22551229	27.92988688
-41.74211061	30.29453087
-86.06990443	-5.882145121
-33.79835655	20.26969043
-101.0676652	22.2548547
-99.07606751	35.22088115
-60.00597137	30.34209943
-22.83636086	40.121976
-9.219256709	19.07177206
-81.86080504	60.08881682
-31.45953295	27.77853729
-49.27002383	56.55762296
-102.5829971	33.26807729
-82.81186545	-12.90287908
-59.00896183	31.41534918
-88.58861994	59.60438257
-47.94863602	-3.110850418
-51.01927772	34.78109717
-67.21436282	47.85617458
-64.39834058	35.05971204
-73.01554604	54.47868189
-69.46708347	-7.970397876
-8.077113419	22.40922153
-59.27050622	71.79267065
-90.46601001	43.76185157
-113.6140334	47.78256537
-28.74074494	52.16265402
-83.87808742	20.18614514
-62.86435737	36.43345198
-43.18896818	4.113281099
-124.5809144	28.26033786
-48.17396737	68.68120981
-34.99470637	24.16207981
-101.2503795	-0.282029024
-107.1272757	18.6109041
-69.90066835	44.13961977
-29.06942042	13.12209417
-75.9238659	2.4190552
-60.49637667	30.85974961
-69.65986349	29.66819087
-63.65084495	18.05862424
-61.48393724	1.684790726
-60.21838502	29.48551714
-95.52491486	11.29866898
-32.98466524	23.92459927
-65.36612744	73.70360086
-103.9141706	57.06046306
-57.08501465	21.02859758
-60	56.25484074
-101.2037448	49.88989979
-64.33961235	-19.60199618
-16.74397731	43.40370701
-69.13166474	22.00813918
-100.7373347	57.41128346
-47.7030925	6.872880617
-52.64353495	7.359128616
-87.59536804	3.592667676
-47.55589683	39.54935427
-58.95785551	15.09663948
-62.33189603	-14.49522694
-52.0983779	47.74733382
-80.13037445	54.85894217
-56.47999465	48.10885765
-106.5626694	29.20478756
-43.94871979	22.9963793
-41.77865893	33.08822763
-89.70762532	32.28619991
-76.80268607	71.58810739
-65.29687413	39.17445511
-22.31062578	44.34440816
-62.76622642	19.67630244
-45.89864862	68.74314451
-0.55807468	15.37982953
-37.44020466	6.638648057
-84.64519271	46.03089732
-61.31442738	-7.640275312
-97.24414283	31.48553465
-60.14258789	34.08318286
-26.14932035	57.75874942
-88.96727149	25.35549669
-41.01269426	3.86621566
-98.44243138	27.38348327
-36.22107345	68.05423722
-58.11724222	30.80316296
-49.44987859	26.31230727
-60.41931258	29.30214668
-100.4946354	7.189414744
-98.38709025	51.25934502
-60.14441777	21.72631136
-33.75354929	8.32477959
-15.95645877	40.42369295
-79.7253725	36.79575919
-60.84696439	20.31915274
-67.25409499	19.64007869
-69.36363979	5.606884388
-63.95163662	30.02635635
-43.2344785	30.22082553
-16.65734633	38.26905856
-68.86964206	30.09799784
-68.15965556	40.07633545
-75.54714331	35.99928512
-74.33351311	76.88280889
-93.78476246	11.23830291
-63.18034383	52.62932223
-85.31643307	-4.845080763
-46.16078366	11.63473962
-33.47603792	39.0768571
-99.4233513	20.58731757
-92.88598842	65.26590498
-61.38263251	69.59341483
-56.53721233	62.94622391
-74.28738846	-2.089999885
-62.9807669	35.85008443
-49.13443583	34.59855568
-36.29925372	14.82673514
-27.22312466	31.08396006
-15.66298423	16.77288717
-82.3307847	47.70733978
-32.92551426	21.25514375
-38.86154038	28.50206597
-24.97063998	22.80942982
-42.83719379	49.74355004
-98.78155928	8.788218101
-58.83396289	28.27127889
-65.03504511	20.91653817
-112.2155709	36.13528621
-55.18941957	18.09339562
-72.42365984	29.81224335
-43.81102237	-3.192323023
-60.34596378	26.70837451
-65.19657203	17.75764349
-58.26922554	21.09593729
-87.49829787	47.08553994
-38.53690817	21.10699359
-11.00052137	17.6249607
-58.42503383	32.33498337
-71.21971141	0.771652485
-55.8006482	59.87994066
-41.55364675	10.21870796
-107.6106504	47.07294139
-67.92620263	55.92544061
-59.40508113	33.06059226
-65.73248487	45.74987275
-59.94716978	29.9413261
-62.64720764	8.440223885
-54.15220135	28.57605666
-45.3935731	58.66672688
-49.70389222	30.81881495
-71.66651993	27.94982613
-91.46833465	42.03628844
-75.68240856	36.94778769
-69.42886005	40.84666272
-65.81253278	71.35831977
-70.77624867	17.15736693
-106.7767768	36.76907284
-109.5409317	29.30172028
-48.96907372	-6.080534109
-61.17906897	21.61048836
-36.32211917	72.71602776
-66.86261628	-2.286071171
-76.77016093	24.34307182
-62.26324575	-13.18530148
-112.5140537	41.45808259
-90.78695608	-5.416341631
-51.41842948	29.73921432
-41.74784128	15.6339313
-30.46647927	67.80118273
-68.63276038	20.06914519
-108.7882625	25.40843339
-54.05891235	50.71903487
-10.53237841	53.98365365
-70.34230393	-0.036231575
-71.22229302	47.28081583
-7.237564407	35.5943342
-34.49184459	26.24290163
-94.90688858	23.23512105
-80.2983354	71.61775506
-77.77931894	27.32988876
-44.38049294	72.91424295
-81.56719504	14.11031477
-45.9933429	28.96784314
-46.46135545	31.81196457
-99.91229786	57.78088873
-24.31379257	26.19357411
-22.67338035	-4.271642318
-97.60576625	34.6909408
-88.64591177	-8.014408871
-11.72945699	32.10368036
-60.59409606	29.29198389
-17.26720293	26.81992037
-47.71172164	58.94936965
-81.16893442	30.10607435
-2.814840254	30
-60.84432253	26.34283732
-58.55585636	57.55590214
-58.69509476	36.7131555
-103.2143462	27.79241987
-87.2325416	31.13052054
-65.33425737	17.43327717
-46.48427967	71.59710994
-60.17633339	19.89786664
-57.30846392	36.66178556
-51.62508984	54.32250519
-68.16890444	62.76368618
-39.62978857	27.18431365
-29.41883544	65.17960557
-91.05461883	29.44253018
-26.71858691	38.92048508
-118.9923066	32.48399818
-37.66180915	27.44096535
-67.56539438	35.4782956
-101.3359359	54.36590371
-5.445892546	42.74023481
-117.4827066	51.68819725
-95.94371837	19.99788465
-57.47727208	58.83491208
-57.41763512	79.27445727
-66.40954928	66.3503603
-60.37072684	35.30164075
-31.75876159	-6.147136785
-81.60479501	28.80002197
-63.75672474	26.24327526
-29.00136573	21.70080079
-95.68435632	24.23923186
-8.963773531	33.45663434
-76.18010089	28.73925757
-66.93141534	-13.7632341
-82.56056208	23.3675466
-4.987925773	50.14865439
-50.3582774	29.70894181
-54.33131247	62.14872452
-71.93414423	74.53883261
-58.92110143	-0.895612723
-60.23419476	29.49776771
-52.11577866	21.24368511
-55.48344418	62.13696454
-44.52149116	48.44656852
-80.28660105	29.86796353
-67.04730793	16.74594146
-57.31931232	46.92519591
-58.18054103	56.01947554
-5.082569061	32.29567813
-97.36517896	3.06590729
-93.44227537	63.44227537
-79.28650559	73.31820081
-47.38445152	26.24892047
-61.59432464	27.23854872
-48.3878797	61.90403831
-60.51667743	30.63804349
-93.04847551	49.22264301
-59.27316241	40.39426174
-60.7451862	24.69772465
-68.27981455	60.90068856
-42.29748198	50.36441745
-29.56197165	50.77799689
-57.44184414	50.83450752
-51.97018377	54.71323322
-66.81262845	-18.47437021
-63.09127133	30.88535328
-60.04595876	27.36702462
-54.62667354	48.73901631
-77.64841536	4.795450786
-83.33177384	32.36626623
-58.85034099	35.91448285
-40.18221746	38.87569037
-113.7821373	45.06818735
-85.29284334	30.91153355
-36.23934091	21.11902079
-34.19859011	21.13937898
-60.222748	17.23877561
-47.60109801	68.15989654
-67.79591333	55.49928353
-75.26048834	53.49909132
-110.6399528	19.06669012
-67.51046602	46.86878288
-25.05190456	52.46706207
-93.38589471	-3.385894706
-61.1849343	23.27990364
-34.15183638	51.78755245
-39.76726742	15.9460132
-97.88010542	20.81194452
-56.83450534	34.52079489
-69.87088774	72.7555121
-98.45795062	30
-96.41179288	20.13341939
-17.30469339	4.133819331
-36.39894949	55.30902809
-108.0484864	24.49268759
-82.0838205	28.53767361
-112.4024209	26.84788557
-117.6540969	8.205414645
-63.41651091	10.62400381
-70.33546649	27.86583658
-77.25968686	56.57758709
-45.29542381	63.02701887
-21.20976877	31.05187879
-45.34437253	52.56768726
-55.63085754	-11.56961374
-58.67387942	35.31877916
-10.38856214	48.23725548
-66.881681	38.80815001
-23.66188554	52.52134282
-79.06834058	6.452560437
-94.083924	40.68729956
-60.30345388	30.4026969
-56.25196718	-5.660150254
-47.25167756	-5.025728053
-58.67346617	33.45573878
-38.40410432	32.48475316
-49.85656435	40.14343565
-73.92373739	49.88515779
-39.80994189	14.03628308
-91.57385403	33.25994929
-109.0429202	31.1426047
-80.2559568	58.92850433
-78.58757318	25.07622646
-0.812298877	43.82562385
-33.32554838	32.4944895
-113.7942649	18.84483716
-72.61614905	26.59792026
-61.97838967	48.82312034
-61.93201402	26.20820899
-57.07828861	20.44351264
-59.7246384	35.25421239
-59.30018525	33.96884669
-51.6253651	41.52669607
-119.7806336	44.12926234
-115.6367511	21.81343028
-74.4448428	37.57242052
-86.92388431	-9.916300004
-67.28594231	30.15381404
-68.16465513	68.41168237
-30.09976275	44.80489236
-38.00449087	37.89362393
-60.16700989	20.43200972
-62.14259647	23.77744803
-50.899495	58.00847442
-109.005866	42.60031433
-97.92004646	12.24229269
-11.79343506	9.420416365
-86.46512961	16.91349677
-50.0376355	69.95686158
-74.49696346	12.72319172
-59.44476959	61.80912882
-80.38514177	57.05199682
-24.99408002	2.130518718
-70.64569899	3.650970393
-36.39736237	57.15172866
-104.0770462	42.24381144
-57.57310383	57.73955019
-60	2.711949204
-77.28244198	-10.71488182
-54.70737455	60.01597051
-65.75925078	-10.97919865
-38.507361	35.26804807
-60.79126473	28.51184749
-67.00703233	19.99292074
-97.72492252	43.12364231
-59.16922958	31.06333765
-30.05707385	37.35846186
-32.06410663	9.579029124
-52.76281543	-15.69378507
-43.40059618	55.56084036
-60.27397087	27.39334131
-24.36703455	38.92910969
-36.68965369	-10.37470415
-76.03163391	11.55771483
-37.81400624	16.82677565
-29.51959088	28.37620701
-41.05057855	37.97963956
-24.46579254	47.49420608
-56.99000518	10.99564062
-98.5377253	22.77676954
-69.36720842	42.89285631
-118.1011804	30
-23.15145842	55.68069141
-20.01518972	0.342337925
-60.13519858	27.42025743
-61.54571503	0.50600016
-58.84079719	-3.195225153
-54.74879386	16.32014031
-86.45524409	25.40415022
-5.879761406	10.16024871
-62.21149294	51.04094981
-56.19101466	23.40264386
-38.26280311	26.62160491
-112.2475976	46.18362138
-74.42787151	36.1660629
-84.90204305	-11.44395932
-106.466236	32.48285808
-54.14940129	23.26965608
-59.74657729	28.98357703
-109.4860893	35.83117518
-39.61547365	28.19451213
-57.25852957	47.30896307
-46.57629843	76.81401074
-113.7474462	18.15655383
-80.57872456	65.64339649
-18.64406123	30
-79.54194971	19.5743139
-34.79792491	-5.992293302
-56.66819308	20.32373009
-55.6656632	44.17697688
-43.62304322	31.57570859
-70.12771806	67.79715836
-41.9504289	55.77745899
-24.08932521	60.46742908
-39.74868875	29.5318474
-59.54708713	32.33003472
-69.68001988	-15.54091297
-81.7995519	29.71484144
-51.29760637	25.99365527
-69.59575666	-11.56378848
-82.10248844	-9.873944649
-71.89586563	10.20195491
-60.70478255	9.817668264
-60.53590272	33.03925537
-34.10328238	43.73933104
-35.90644525	27.55795111
-42.18607413	29.61052843
-50.93744723	32.30024867
-45.61005252	34.86045963
-41.22922439	46.42862186
-54.50306208	39.91673852
-62.9464618	26.84030656
-84.82545822	34.77946425
-52.85375682	44.65196985
-55.73612138	56.92107008
-57.76499774	24.17762004
-75.62073436	33.3329183
-99.56286363	24.67921423
-69.06099553	-16.61478092
-27.83199275	37.11734713
-12.45599215	26.05860437
-75.22555854	0.118158861
-11.43807714	45.87997288
-83.92586159	66.842596
-65.78428973	24.21571027
-98.32347126	39.48328232
-82.59402826	26.53430823
-77.48773432	73.28366131
-40.44896879	19.41305092
-43.49400601	21.87552546
-60.17437134	29.81300964
-60.7115601	9.623584887
-41.83187388	42.97348149
-69.4705544	67.98431902
-58.12610684	-5.7560116
-83.87302115	-11.34928556
-35.21675358	52.09636298
7.769667701	36.94782441
-36.29849192	15.53240244
-47.55880737	49.15775664
-20.19630557	19.95075394
-99.79889222	42.15795235
-114.5029853	17.6855481
-93.38976299	55.96214707
-68.80963969	62.87802293
-65.20103932	-12.359066
-37.42720696	1.108142434
-71.11373628	41.91802303
-63.85624173	39.54453321
-81.81545595	63.59285628
-73.62964952	46.83121543
-40.11421264	-5.874910052
-33.25219869	41.96698044
-60.64071842	31.58583375
-7.561638389	34.84964552
-94.81147036	49.54729515
-103.6018917	48.69256636
-64.16910318	24.66379128
-63.55285729	1.064299398
-58.80762247	37.52837546
-70.23544051	17.801877
-16.44970056	40.83267311
-89.88199444	32.72978093
-74.53760584	39.14876763
-62.36978962	10.69961237
-25.67991379	46.35565991
-68.2863169	40.60600198
-76.63279572	73.32991425
-63.79691637	28.44042514
-60.05474622	29.83150846
-116.7680998	27.40982291
-49.98731448	34.60101198
-58.05601744	2.199754142
-103.9478794	29.389083
-60.82956112	37.89274686
-42.11135233	60.98404664
-59.10586187	26.41380782
-28.37817289	56.72924171
-69.72926199	44.42422408
-102.0637879	43.34329309
-128.9661432	29.12741438
-49.83921519	74.01119425
-63.93905468	36.0656123
-15.23795375	18.12165097
-47.5285339	62.48927996
-60.21605269	30.62746258
-73.31138295	21.62405373
-28.0845282	32.9679173
-49.52877457	69.07914533
-60	-16.77580123
-52.30938042	27.9557746
-100.0927263	37.09592172
-27.09384978	40.55022124
-80.22594712	28.50779315
-113.0970227	36.01708639
-89.5923913	18.82433677
-85.44563492	41.65673771
-59.71030491	32.35937714
-34.88831092	57.88935616
-33.49443028	47.53194477
-69.07083427	72.67492002
-64.31964367	27.10255293
-72.60198738	12.00249684
-41.10625246	23.85783976
-63.44545621	-9.381744667
-7.339224	30
-49.96425279	9.423668937
-18.98037124	48.93976435
-60.89977691	24.89711158
-97.83445674	20.22800556
-92.13430524	63.27604719
-17.89472048	39.17071651
-73.2730816	38.20589362
-60.0765698	29.81048311
-34.01551361	43.99802147
-41.30712918	65.15617687
-79.5990871	4.914312462
-54.78292844	20.58815376
-75.97155031	25.51132692
-75.07330677	47.9636675
-56.15058419	25.72479063
-49.53336137	6.491544746
-39.42317229	22.88363473
-72.86922306	17.13077694
-38.10418063	0.94326629
-37.62956525	18.93861964
-74.63174283	33.01756877
-59.33890744	67.87396751
-60	2.125068002
-70.68265503	76.27166255
-26.68985471	43.87379747
-91.57112668	-2.692858722
-62.25306325	72.99100785
-47.57376733	38.35297808
-56.60462294	45.97399317
-73.68977911	74.77724985
-14.21239569	37.88244712
-35.55144852	33.24875884
-76.11239638	39.07842648
-93.95904832	37.5322021
-29.90105918	24.03638139
-60.0193952	30.04800481
-81.29575953	38.5978536
-49.01071256	24.73793465
-76.857715	54.99259027
-62.48821021	77.47787903
-91.54808618	17.50276196
-70.50016949	35.50336915
-45.75326895	30.67387368
-43.54331745	19.28196705
-97.7213602	50.45568885
-55.44614101	55.82621772
-65.6232	47.30643006
-42.97464115	48.90857661
-42.58283928	32.32418456
-112.5198568	7.282735529
-57.33288243	30.00128922
-21.11053916	53.15161866
-68.01270821	16.12158227
-83.3269296	39.93895569
-59.82131189	29.53450156
-69.29923752	2.993053235
-74.59709021	29.82210543
-84.34539138	34.03480354
-42.2341841	29.40785485
-49.45976387	43.01610763
-62.37663796	29.52160681
-99.49275553	36.22272398
-61.128332	24.19523506
-78.13994369	31.53131984
-55.8413392	63.8695742
-49.31957615	27.19540872
-74.55451074	39.91263782
-113.3128863	17.41006938
-88.24076935	-1.364551863
-44.33183376	70.81696854
-50.76675285	62.20015947
-58.92867598	36.76407363
-73.9443535	40.87946456
-13.90225725	27.8751404
-31.38976455	14.66147579
-108.6729029	5.768972711
-119.0574385	34.54403509
-33.1831548	31.42673036
-22.72378432	37.72516534
-63.46499141	29.57332549
-57.17458919	27.17458919
-52.40282923	24.7786809
-126.1068727	39.29725652
-90.394417	20.09085317
-63.21469359	41.9973998
-55.96962896	-8.346418938
-28.693542	35.640814
-36.89354609	28.33946711
-78.80802862	21.02954076
-28.16959483	66.61669249
-52.42288573	7.99446233
-93.47467008	14.51117036
-31.08200477	28.7733171
-33.29625622	53.1751907
-73.66858477	51.0477748
-81.92583499	14.41426236
-101.3911844	35.86475181
-54.02017398	30.40198141
-63.01205224	45.49566547
-87.62777128	59.62715745
-34.80629903	31.05419639
4.347271899	22.26065027
-30.30453621	68.00846039
-84.25845373	22.18680293
-50.98273205	18.03368126
-77.09097251	70.26380801
-22.12434262	1.025353164
-56.09443158	7.850420843
-79.69314204	36.90933942
-94.24517292	23.94416479
-55.05277388	51.42879059
-76.10781287	38.95313041
-39.04279699	29.50211386
-83.38890708	72.19470531
-87.54431235	10.90028282
-62.2402382	-2.036898811
-19.83130364	42.3581792
-58.5439185	28.06771458
-44.48181201	49.86237486
-72.32749443	-7.94012665
-114.0738292	10.41896611
-73.009919	22.89880636
-84.74882775	30.32808743
-97.91095651	58.85900096
-66.67265665	-12.12949606
-66.09840145	-1.37355567
-82.54478192	4.06519513
-44.79565593	48.77580126
-96.71138347	38.58463531
-65.17758864	38.28587388
-49.69375203	6.851788055
-39.97214001	34.32775763
-6.101564542	12.89644405
-41.25721707	34.86743253
-61.36680628	16.99570691
-63.182418	32.46100254
-65.47684215	35.87319415
-53.71764252	42.88074167
-55.00279321	40.71654455
-95.56561938	36.79199655
-14.93617952	25.0357237
-67.95053696	15.65685164
-58.85938511	28.37103312
-106.7709224	13.21831972
-84.29176029	27.34063348
-80.97467322	64.90771828
-47.25444426	30
-77.29895809	31.70446278
-11.76515245	24.28659059
-104.966982	28.43035402
-9.039415049	2.317627466
-87.12285263	32.01472887
-112.1944089	27.04209685
-54.19920217	37.69791873
-38.38533284	56.69189102
-63.6107858	21.49352172
-0.616446039	33.51708985
-55.02758483	21.38752428
-59.81005149	32.71639024
-49.76245507	-14.34367887
-63.52208515	36.91248132
-81.60518498	68.97678546
-23.99423373	27.068365
-60.20210751	41.57873165
-110.3469782	18.28674008
-62.07623371	39.76791165
-48.34626285	26.94118066
-111.1582465	37.44816997
-67.49388432	13.16846023
-49.61415632	45.39764647
-22.60861774	41.5724591
-59.13907384	30.99038225
-62.09385394	16.77992655
-94.84212581	20.63256179
-59.19411756	34.14590577
-22.47042224	36.70434273
-90.62908003	24.06697442
-37.68871852	29.82764804
-19.83392013	30.61741449
-73.65878917	63.80668952
-79.40589444	30
-74.20549001	4.37261764
-71.35658754	33.1173974
-49.76234721	28.23552002
-29.15520919	20.04776186
-16.64919735	16.26851846
-75.45284103	28.64765146
-60.08354544	30.95492877
-68.51245359	39.79245768
-82.65968518	42.87952266
-42.67361092	23.57381484
-40.12279914	30.60739794
-67.38703993	52.73497117
-55.59019968	65.9149415
-72.4455126	17.11229443
-29.00803508	-0.991964922
-33.82379267	16.27364614
-67.1460878	45.32483475
-60.56589385	33.57291318
-89.91622218	46.07444853
-53.60112004	41.54388504
-113.0404734	24.04925303
-56.59296913	46.02882003
-50.56431559	28.88200661
-46.64409224	36.28764615
-51.27214749	19.95975421
-22.89977442	23.87155045
-47.20328036	11.72439035
-13.82058519	57.00115059
-56.22947032	60.70849994
-57.41403978	66.98095406
-54.22060129	-17.06942525
-82.8408701	29.79314248
-46.50327351	30.75526018
-92.06146582	47.40128717
-113.8920524	51.10305169
-22.42450312	57.46558754
-44.87193673	45.12806327
-22.13644345	32.61509798
-114.5693118	19.78727243
-32.69369026	-8.997451827
-75.93139865	30.03362317
-58.43360219	74.85576439
-117.1584435	28.6205425
-58.16365587	36.85332958
-18.16670542	51.97086832
-84.60259176	33.98000441
-107.4002256	15.23646026
-79.27809603	-13.29931261
-91.13332424	44.60092157
-120.5026161	38.76848093
-86.28625258	32.66782761
-73.14102227	-10.44390789
-78.01523372	11.98476628
-70.4014878	25.57763529
-28.96322381	9.898215725
-86.23448024	70.39755696
-86.79147018	63.08471034
-59.49912502	1.304891375
-93.9345495	65.14025469
-76.75617359	-16.03720859
-53.78662861	-1.965024749
-76.66678494	6.197364314
-85.43906823	72.33771931
-82.00114981	4.690572335
-61.33746803	4.479589771
-33.30710238	25.54111097
-97.80756237	23.24214203
-32.89370527	68.71180078
-54.63160309	4.743678265
-66.31342783	37.5240503
-32.17374633	29.45176196
-55.77622292	32.20392415
-59.55006253	28.3208105
-95.57481498	51.14859597
-64.07258536	9.048364635
-53.00292673	39.63064515
-68.63732305	52.50099582
-44.09560093	46.46948736
-42.45179079	10.51073924
-37.11122619	31.76443828
-102.7834123	47.42372114
-47.16412439	14.14901371
-106.1554309	59.34673709
-25.28504874	18.0547648
-45.31265954	25.22855744
-55.87747225	77.12070783
-54.76928742	39.83753959
-36.72482534	36.5829512
-61.48318728	72.47292653
-59.34182222	39.41238078
-73.10750203	62.44220597
-60.81536782	6.650920476
-76.01897028	5.332948903
-32.07633485	2.076334852
-35.53699416	12.81236328
-57.69108269	35.71477089
-86.84009055	27.23993487
-65.07585876	22.75092242
-60.04033859	32.31099631
-78.85515881	50.94077535
-52.14933618	61.48729277
-20.44755626	18.15906009
-54.1432764	29.9641683
-44.46316802	29.84961007
-23.85527677	48.17458786
-50.09301822	36.3920016
-19.95806067	47.761609
-88.61212648	8.937720189
-17.67167059	45.29853992
-28.16838677	1.64542921
-43.11505766	67.92420142
-86.91237437	48.67523216
-86.50252114	47.02461929
-38.59060853	-5.631210961
-24.58670475	5.615141046
-53.34138386	13.51934673
-47.43402649	43.4753568
-73.47057726	-1.734691313
-58.72616074	35.51760402
-84.62565785	41.10775529
-46.01827829	37.63493508
-55.27096029	29.54947223
-69.76372368	18.36404722
-38.17614329	26.86130061
-53.04674799	43.64652544
-75.65151861	9.966969725
-60.60217615	30.77075033
-115.4872764	10.46120086
-86.90781033	50.57759539
-98.56590929	28.1104957
-81.23961567	-0.33331478
-52.04696451	54.47692639
-55.26848933	52.26000756
1.985739898	24.86639943
-61.03067551	28.68079551
-46.98232369	-0.667723544
-60.32987793	29.47208495
-39.4192509	65.6469031
-91.74151554	28.91067431
-75.49590347	24.40329603
-40.9391216	23.47142144
-88.00080657	24.72495484
-104.323887	13.3920556
-47.29342964	57.24932806
-45.99221925	3.655196027
-74.82091515	32.30356148
-41.88642529	30.7042056
-68.31996251	11.31305824
-19.76082206	43.08736211
-45.41930661	48.6624365
-58.57768556	-10.72975662
-48.78885114	74.96546208
-49.77632925	36.27607225
-20.00676274	40.13567403
-59.4662696	60.57739395
0.125790599	21.25404422
-54.0315383	4.147752131
-96.06327295	1.867461371
-60.65388889	37.47398424
-65.09058771	9.582767859
-61.75294935	32.01653755
-24.52914045	20.33678029
-109.19541	15.5211187
-103.1311628	54.45690075
-74.22724268	24.3546995
-13.265656	44.91251066
-114.8005738	21.32674848
-15.74451184	39.10305987
-124.3418388	33.38614975
-61.63924648	26.78279764
-48.62512168	-5.008275739
-21.07851017	7.593152021
-84.06242966	20.44028672
-36.09979918	16.79019929
-46.48944404	-11.58121566
-115.9150251	34.90124364
-61.36275852	25.80586054
-88.66707718	-1.838014679
-54.523195	28.33346216
-79.35413142	-13.47009089
-35.61509191	62.35986601
-41.21617769	27.3524082
-33.49081729	19.91826601
-81.65352258	14.40609538
-110.0848642	37.7978531
-66.03793388	18.64429795
-46.22057622	34.89174361
-58.53192746	26.99000522
-83.3366234	45.06304923
-120.5321634	54.01263775
-26.66754923	9.449570435
-60.80623545	-16.18919811
-74.99256092	44.99256092
-126.4763644	37.51176661
-24.07841894	41.81941544
-105.6293155	47.61313439
-12.93464806	37.33152688
-110.0452051	7.155566329
-67.08794346	1.571811522
-107.7889266	35.86104864
-45.29916067	54.46630527
-33.19382386	69.74179046
-11.21414099	26.62463789
-64.38118777	71.68421723
-66.05546408	39.32459698
-57.50444763	14.24370244
-107.4238997	23.74932343
-97.70673696	40.62377016
-57.06237601	72.00998028
-59.14144703	5.414259834
-64.31858416	60.728323
-40.85319372	32.31074585
-78.66484844	0.129998569
-57.11468324	26.30696295
-54.74878626	37.49951044
-60.62432827	30.8285116
-44.88170447	20.23159172
-65.36103375	-3.848234965
-73.83466822	8.696479125
-48.56643682	37.8595417
-62.65384047	18.50495401
-56.41018436	22.6397872
-18.55742032	12.05391727
-73.09405579	28.41781042
-73.91656759	-8.235455207
-20.92819055	-3.917500439
-60.58379444	-3.445560928
-44.92102732	55.09562484
-16.43396684	26.50037257
-65.29990371	67.71077441
-76.72338271	18.09554924
-69.95755271	76.84660231
-60.01903306	29.95725105
-73.49517402	25.92327014
-54.49093077	16.36457517
-22.66751634	42.29508369
-53.92058527	45.04707948
-78.99480121	4.793047414
-69.43287029	67.83317631
-60.66740689	26.86009745
-27.75959423	6.926573324
-72.36862757	47.6642308
-82.21227457	41.17978609
-33.35282337	48.96724481
-80.06343806	35.11962015
-36.47389372	28.20243884
-66.77464666	14.03993263
-33.3064748	-4.166154219
-61.9222265	57.48911962
-72.28890567	70.19519929
-66.49777037	-11.02530752
-31.96735033	35.13676906
-60	68.17765362
-53.67275594	65.8835842
-59.29147124	43.51953412
-69.39864824	43.93406903
-51.88902366	27.6287795
-73.26477245	36.97779406
-94.65199254	7.684703463
-13.51885319	37.10249934
-45.87280557	32.7943211
-57.10260655	71.43465674
-33.54834457	27.49695385
-59.64508089	27.47461934
-56.37763479	52.87071386
-78.82218867	10.50905306
-56.73276992	15.84807174
-70.82809226	27.79137046
-96.31122804	21.89149586
-45.34720387	56.43434396
-84.19685283	12.54249614
-61.53966852	17.46040622
-9.417829781	40.03800092
-30.88611603	35.03431357
-67.68419997	7.683462853
-17.81382022	45.07584341
-103.4117252	44.46244404
-61.71222872	35.60044779
-109.3521175	26.70752597
-79.67286096	64.07439471
-63.7650177	44.05123736
-37.01427153	-2.827022303
-30.68677632	43.13707683
-54.94977232	65.93423709
-77.94306467	-2.370145546
-44.79048607	-16.81007064
-78.73304866	27.75329713
-91.28507819	50.93473545
-64.60271914	23.8919854
-74.26708112	32.9165052
-64.96520663	53.35946062
-66.61610177	29.61651811
-105.450972	1.207863878
-3.254873383	26.5183932
-57.42572388	26.70507682
-42.61786133	47.99973151
-36.62845661	26.64659747
-63.96606128	36.34702482
-28.12322668	-6.670032954
-49.3909583	24.65760191
-87.24579481	5.37223324
-70.04538999	-10.28985864
-72.84127075	9.44967102
-74.42994005	31.60395784
-37.0409693	25.78202991
-41.25811039	57.78599401
